{
    "overall_metrics": {
        "mAP50B": 0.9543333988909565,
        "mAP50-95B": 0.7909625966241549,
        "precisionB": 0.9763437145720483,
        "recallB": 0.8954929664074031
    },
    "class_wise_mAPs": {
        "prohibitory": {
            "mAP50-95": 0.8651296661559449
        },
        "danger": {
            "mAP50-95": 0.8364934846523419
        },
        "mandatory": {
            "mAP50-95": 0.7230671693022821
        },
        "other": {
            "mAP50-95": 0.7391600663860507
        }
    }
}