{
    "overall_metrics": {
        "mAP50B": 0.9556438081047818,
        "mAP50-95B": 0.7998376522122252,
        "precisionB": 0.9820861942149693,
        "recallB": 0.908560234092149
    },
    "class_wise_mAPs": {
        "prohibitory": {
            "mAP50-95": 0.8480921339642251
        },
        "danger": {
            "mAP50-95": 0.8009683877030556
        },
        "mandatory": {
            "mAP50-95": 0.7772694560080311
        },
        "other": {
            "mAP50-95": 0.7730206311735899
        }
    }
}